{"cameraMode":{"drawMode":0,"name":"Shaded","section":"Shading Mode"},"sceneLighting":true,"audioPlay":false,"sceneViewState":{"showFog":true,"showMaterialUpdate":false,"showSkybox":true,"showFlares":true,"showImageEffects":true,"showParticleSystems":true},"in2DMode":false,"pivot":{"x":-1.1920928955078126e-7,"y":0.8664480447769165,"z":1.224352478981018},"rotation":{"x":-0.2681395709514618,"y":0.331385999917984,"z":-0.09882167726755142,"w":-0.8991796374320984},"size":4.3940582275390629,"orthographic":false}